title,price
Celular LG K11 Plus 32gb 3gb Ram Excelente Nf Pronta Entrega,649
Moto G8 Power Dual Sim 64gb Preto 4 Gbram Xt2041-3 Seminovo,549
Lemon Sensi 3g Lm-754 3g Para Antena Rural,53
Samsung Galaxy A10 32 Gb Vermelho 2 Gb Ram Sm-a105g,429
Apple iPhone XR 128 Gb Branco - 1 Ano De Garantia -excelente,1.579
Samsung Galaxy A30s 64 Gb 4 Gb Ram Preto Garantia | Nf-e,579
Blackberry Bold 9780 256 Mb Black 512 Mb Ram,77
Samsung Galaxy J4 Dual Sim 32 Gb Preto 2 Gb Ram,399
Moto G6 Play Dual Sim 32 Gb Índigo-escuro 3 Gb Ram,359
LG K8+ Dual Sim 16 Gb Preto 1 Gb Ram Garantia | Nf-e,260
Samsung Galaxy A03s Dual 64 Gb Preto 4 Gb Ram Sm-a037m/ds,649
Celular Flip Moto Razr (2019) 128gb Chip Virtual - Muito Bom,1.499
Motorola Moto G10 64 Gb Cinza Aurora Garantia Nf-e,575
Samsung Galaxy Metal Dourado J7 Garantia Nf-e,386
Samsung Galaxy A52 128gb,899
Celular Blackberry Z30 Sta100 16gb 2gb Ram Preto,77
Samsung Galaxy A20 32 Gb Preto 3 Gb Ram Garantia | Nf-e,579
 Moto G60 128gb 6gb Ram Azul Garantia Nf-e,799
 Celular Android Barato C/ Whatsp Moto C Plus 16gb  1gb Ram,210
Samsung Galaxy S20 Fe 128gb Azul 6gb Ram - Excelente,854
Usado: iPhone X 64gb Prateado Bom - Trocafone,1.069
Motorola Moto E32 Xt2227 4gb Ram 64gb Grafite Pronto Envio,699
 iPhone 7 32 Gb Preto-fosco A1778 Completo,579
Samsung Galaxy Note 20 Ultra 5g 256gb 12gb Ram - Excelente,2.060
Motorola Moto G82 5g 128gb Dual Sim Branco Premium,1.199
Samsung Galaxy J5 Prime Dourado Garantia | Nf-e ,313
Nokia C2-01 43 Mb Preto 64 Mb Ram Com Garantia E Nf,169
Samsung Galaxy Note 20 Ultra 256gb  C/linha Bem Fina Na Tela,1.500
Samsung Galaxy A20s 32gb 3gb Ram Vermelho  - Excelente,629
Celular Apple iPhone 5s 16gb - Muito Bom,399
Smartphone Samsung Galaxy S22 128gb 8gb Ram | Excelente,2.379
 Moto G7 Dual Sim 64 Gb Ônix 4 Gb Ram - Promoção,586
Celular Samsung Galaxy A02 A022 32gb Dual - Muito Bom,479
Samsung Galaxy S20 Fe 128gb 6gb Ram - Excelente,849
Samsung Galaxy S10+ 128 Gb Branco 8 Gb Ram Garantia Nf-e,980
LG K10 Lte Dual Sim 16 Gb Índigo 1 Gb Ram,329
Moto G7 Play 32gb Azul Indigo  Garantia Nf-e,399
Motorola Moto Dual E5 Play 16gb Preto Garantia Nf-e,269
Celular Samsung Galaxy A11 A115 Dual 64gb 3 Ram Muito Bom,539
Motorola Moto One Vision 128gb Bronze Muito Bom - Usado,499
Samsung Galaxy S10e 128 Gb 6 Gb Ram Azul Garantia | Nf-e,789
Celular LG K9 Tv 16gb 2gb Ram Excelente Simples Whats Idoso,299
Apple iPhone SE (2a Geração) 128 Gb Preto - Excelente,1.089
Samsung Galaxy Note 20 256gb Cinza Muito Bom - Usado,1.649
Samsung Galaxy A32 5g 128 Gb 4 Gb Ram Garantia | Nf-e,989
Samsung Galaxy J8 Dual Sim 64 Gb Preto 4 Gb Ram,599
Samsung Galaxy A31 128gb Preto Bom-trocafone - Celular Usado,599
 Moto E6s Dual Sim 32 Gb Cinza Titanium 2 Gb Ram,499
 iPhone 8 64 Gb Cinza-espacial Lindo 10x Sem Juros,850
Samsung Galaxy Note 10 256 Gb Black 8 Gb Ram Garantia Nf-e,1.079
Motorola Moto G6 Plus 64gb Azul Topázio Garantia Nf-e,539
Celular LG K11 Plus 32gb 3gb Ram Excelente Nf Pronta Entrega,649
Blackberry Bold 9780 256 Mb Black 512 Mb Ram,69
Samsung Galaxy Note 20 Ultra 5g 256gb 12gb Ram - Excelente,1.949
Motorola Moto G60 Dual Sim 128gb 6gb Ram Azul Excelente,1.059
Samsung Galaxy S10e 128 Gb 6 Gb Ram Garantia | Nf-e,829
"iPhone XR Apple 128gb Preto 6,1  12mp Ios 17 Desbloqueado",1.502
Samsung Galaxy A20s Dual Sim 32 Gb 2 Gb Ram Garantia | Nf-e,589
Motorola Moto G82 128gb,1.099
 Moto G7 Play Dual Sim 32 Gb 2 Gb Ram - Promoção,449
Celular Android Barato C/ Whatsapp Zte Blade 8gb 1 Ram,161
iPhone 11 128gb - Vitrine - Bateria 100% + Brinde,2.099
Samsung Galaxy J4+ Plus 4g 32gb 6.0 Pol,499
Samsung Galaxy A02s 32gb Azul Bom - Trocafone- Celular Usado,429
Samsung Galaxy A50  4 Gb Ram 128 Gb Garantia | Nf-e ,665
Moto G7 64gb 4gb Ram Onix Garantia Nf-e,479
Telefone Celular Samsung S9 128 Gb 4 Gb Seminovo Muito Bom,881
Moto G8 Power Dual Sim 64 Gb 4 Gb Ram | Usado Excelente,679
Samsung Galaxy J6 Dual 64 Gb Preto 4 Gb Ram Garantia Nf-e,474
Motorola Moto G5 Plus 64gb 4gb Platinum Garantia Nf-e,349
 Moto E7 Plus Dual Sim 64 Gb Azul Gb Ram Garantia | Nf-e,469
Moto E22 64gb Bat.4020mah Câm.16mp 6.5'' Preto - Excelente,699
Smartphone Samsung Galaxy A23 5g 6.6'' 128gb 4gb Ram Preto,975
Samsung Galaxy S8 64 Gb Cinza 4 Gb Ram Garantia | Nf-e,664
iPhone XS 256 Gb Dourado - 1 Ano De Garantia - Excelente,1.699
 iPhone 5s 16 Gb Cinza-espacial - 90 Dias De Garantia,220
Moto G6 Plus Indigo 64gb 4gb Ram Tela 5.6 Hd Com Tv,699
Smartphone Samsung M62 128gb 8gb Ram Preto Garantia Nf-e,1.249
Motorola Moto G6 Play 32gb Dourado Garantia Nf-e,399
 iPhone X 64 Gb Sem Face-id Desbloqueia Com Senha ,1.400
"Blackberry Z10 - 4g, 16gb, Dual Core 1.5ghz, Tela 4.2",77
Celular Blackberry Z30 Sta100 16gb 2gb Ram Preto,69
Smartphone Android Simple Barato C/ Whatsapp Alcatel Pixi 4 ,149
Samsung Galaxy A30 Dual Sim 32 Gb Branco 3 Gb Ram,499
Samsung Galaxy J5 Prime Dual 32 Gb Gold 2 Ram Garantia Nf-e,319
iPhone 6s 16gb Ouro Rosa Bom - Celular Usado,459
Moto G60s 128gb Bat.5000mah Quad Câm.64mp Azul - Excelente,1.129
Celular Apple iPhone 5s 16gb - Muito Bom,379
 Celular Android Barato C/ Whatsp Moto C Plus 16gb  1gb Ram,224
Smartphone Galaxy Note20 256gb 8gb Ram Samsung Cor Cinza,1.520
Moto G71 5g 128gb 6gb Câm.50mp Bat.5000mah Azul Excelente,1.299
Apple iPhone SE (2a Geração) 128 Gb Vermelho - Poucas Marcas,1.040
Telefone Celular Samsung A73 128gb 8 Ram 5g Cinza Excelente,1.712
Samsung Galaxy A10s 32gb Garantia Nf-e I Usado Bom,529
Samsung Galaxy Note 10+ 256gb Preto Muito Bom - Usado,1.469
Celular Samsung Galaxy A13 128 Gb Preto Bom Trocafone,682
Usado: Galaxy A12 64gb Preto Excelente - Trocafone,563
Celular Samsung Galaxy A72 128gb Dual - Muito Bom,996
"Smartphone Samsung Galaxy A11 64gb, 3gb, 6.4  4g",799
Samsung Galaxy A32 128gb 5000mah 6.4'' Violeta - Excelente,1.239
 Celular Gamer Moto Z2 64gb 4gb Ram + Fone Bluetooth Brinde,399
Smartphone Moto One Dual Sim 64 Gb 4 Gb Ram Branco,706
Celular LG K11 Plus 32gb 3gb Ram Excelente Nf Pronta Entrega,649
Blackberry Bold 9780 256 Mb Black 512 Mb Ram,68
 Moto G8 Power Dual Sim 64gb Preto 4gb Ram Garantia Nf-e,489
Samsung Galaxy Note 20 Ultra 5g 256gb 6.9''  - Excelente,2.879
 Motorola Moto G5s Dual Sim 32 Gb Platinum 2 Gb Ram,599
Samsung Galaxy S8 64 Gb Preto 4 Gb Ram Garantia | Nf-e,664
Samsung Galaxy J5 Prime Dual Sim 32 Gb Dourado 2 Gb Ram,399
Samsung Galaxy M62 4g M625 128gb 8gb Ram 64 Mp 6.7'' Detalhe,1.999
Samsung Galaxy A12 64gb Quad Cam 48mp Bateria 5000mah Branco,899
 Moto G7 Play 32 Gb Índigo-escuro 2 Gb Ram Garantia | Nf-e,449
LG K41s 32gb Quad. Câm. 4000mah 6.55'' Cinza - Excelente,599
Samsung Galaxy Note20 256gb 8gb Ram | Usado Excelente,2.679
Samsung Galaxy A02  32 Gb Preto 2 Gb Ram (recondicionado),455
Samsung Galaxy A13 6.6'' 128gb 4gb Ram Preto Samsung,899
Smartphone Samsung Galaxy A31 Tela 6.4 128gb 4gb Ram Azul,769
 Moto G7 Dual 64gb 4gb Ram Polar Garantia Nf-e,499
Samsung Galaxy A7 (2018) Dual Sim 64 Gb Preto 4 Gb Ram,699
Smartphone Moto G62 5g 128gb 4gb Ram Azul Escuro,777
Telefone Celular Samsung M20 64gb 4gb Ram Seminovo Muito Bom,643
Samsung Galaxy S21 Fe 5g 128gb Preto Usado,1.159
iPhone X 64gb Cinza Espacial Muito Bom - Celular Usado,1.139
Celular Para Idoso Alcatel Pixi 4 Simple Barato C/ Whatsapp ,134
Moto E22 128gb Bat.4020mah Câm.16mp 6.5'' Preto - Excelente,799
Samsung Galaxy A10 Dual Sim 32 Gb Azul 2 Gb Ram Sm-a105m/ds,429
Smartphone Moto G30 128gb 4gb Ram Dark Motorola - Excelente,674
Celular Motorola G7 Power 64gb 4gb Ram Tela 6.2'' Excelente,729
iPhone XS Max 256gb Cinza Espacial Bom - Celular Usado,1.779
Samsung Galaxy A33 5g 128gb 6gb 5000mah Preto - Excelente,1.399
Motorola Moto G31 128gb,699
"Smartphone Samsung Galaxy A04e 64gb, 3gb Ram, Tela 6.5 Azul",799
 Samsung Galaxy A8 Plus Ametista Dual Chip 64gb 4 Gb Ram,719
Samsung Galaxy A30s Dual Sim 64 Gb 4 Gb Ram Garantia E Nf!,599
Samsung Galaxy J4+ 32 Gb Cobre 3 Gb Ram,499
LG Q6 Dual Sim 32 Gb Black 3 Gb Ram,490
 Moto G7 Plus Dual Sim 64 Gb 4 Gb Ram Garantia | Nf-e,549
Celular Samsung Galaxy A03s 64 Gb Preto Excelente Trocafone,589
Samsung Galaxy S7 32 Gb Preto 4 Gb Ram,729
Samsung Galaxy A52s 5g Dual 128 Gb 6 Gb Ram Garantia | Nf-e,849
Samsung Galaxy J6 64 Gb Preto 4 Gb Ram Garantia | Nf-e,499
Motorola Moto G60 128gb,989
Samsung Galaxy A51 128 Gb 6 Gb Ram Garantia | Nf-e,728
"Smartphone Samsung Galaxy A32 128gb, 4gb, 6,4",1.239
Motorola Moto G200 5g Dual Sim 256 Gb Seminovo Excelente,1.699
Samsung Galaxy A22 5g Dual 128gb Branco Nf-e - Excelente,764
iPhone 7 128gb Preto Matte Excelente - Trocafone - Usado,729
Samsung Galaxy A52 Tela 6.5 128gb 6gb Ram Preto | Usado Bom,1.099
Motorola Moto G5s 32gb Excelente 2gb Ram C/ Garantia E Nf,499
Samsung Galaxy J7 Prime Dual 32gb Preto 3gb Ram Garantia  Nf,379
Samsung Galaxy S4 32 Gb Black Mist 2 Gb Ram Garantia | Nf-e,348
Smartphone Motorola Moto G14 Lilás 128 Gb / 4 Gb - Ram,692
LG K22 4g 32gb 2gb Câm. Dupla 3000mah 6.2'' - Excelente,499
Celular LG K11 Plus 32gb 3gb Ram Excelente Nf Pronta Entrega,649
 Moto G5s Dual Sim 32 Gb Platinum 2 Gb Ram,279
Samsung Galaxy J5 Prime Dual Sim 32 Gb Preto 2 Gb Ram,289
Samsung Galaxy A72 Dual 128gb 6gb Ram Tela 6.7'' 64mp Outlet,1.251
Motorola Edge 30 Neo 5g 256gb Black Onix 8gb Ram - Excelente,1.279
Celular Samsung Galaxy J1 Ace 8gb Dual - Muito Bom,358
Celular Motorola Moto G60s Azul 128gb 6gb Ram Tela 6.8 Fhd+,1.129
Smartphone Samsung Galaxy A03 32gb 2gb Ram Nf-e | Excelente,589
Smartphone Moto G10 64gb 4gb Ram 6.5'' - Promoção,649
Samsung Galaxy A21s Dual 64 Gb  Branco 4 Gb Ram Garantia Nf,649
Motorola Moto E7 32gb,529
Samsung Galaxy J7 Dourado Bom - Trocafone - Usado,249
 Moto G7 Play Dual 32 Gb Dourado Garantia Nf-e,399
Celular Samsung Galaxy A50 Dual Sim 64gb 4gb C/garantia + Nf,519
Samsung Galaxy J4 Core Preto 16gb Bom - Trocafone - Usado,319
"Motorola Moto G22 Tela 6,5 128gb 4gb Ram | Usado Excelente",939
"Motorola Moto Edge 20 Pro Tela 6,7  256gb 12gb Ram Branco",1.249
"Samsung Galaxy M62 128gb 8gb Ram Tela 6,7' Azul | Usado Bom",1.199
Motorola Edge 30 256 Gb Azul 8 Gb Ram Grantia | Nf-e,1.592
Celular Blackberry Z10 Stl100 16gb 2gb,78
LG K9 16gb C/ Tv Digital Rede 4g 2 Chip Preto - Excelente,389
Samsung Galaxy S8 Dual Sim 64 Gb Preto 4 Gb Ram,609
Samsung Galaxy Note9 128 Gb Midnight Black 6 Gb Garantia Nfe,1.099
Motorola One Dual Sim 32 Gb Preto 3 Gb Ram Garantia Nf-e,404
LG G8s Thinq Dual Sim 128 Gb Mirror White 6 Gb Ram Seminovo ,1.089
Samsung Galaxy S8 Plus 64 Gb Com Burn-in,649
Smartphone Samsung Galaxy A22 128gb 4gb 6.4 ,959
Samsung Galaxy J2 Prime 4g 16gb C/ Tv Dourado - Excelente,479
Samsung Galaxy A54 5g 128gb,1.429
 iPhone 6s Plus 64 Gb Dourado Lindo 10x Sem Juros,805
Celular Positivo P30 Simples Idoso Barato Excelente Radio Fm,229
Samsung Galaxy S21 128gb 5g Cinza Bom - Trocafone - Usado,1.286
Samsung Galaxy M52 5g 128gb Preto Bom - Trocafone - Usado,959
Motorola Edge+ Plus 5g 256 Gb Azul 12 Gb Ram - Excelente,2.960
Motorola Moto G9 Power 128gb,899
Celular LG K4 Novo 8gb Dual 1 Ram - Excelente,311
Moto E6i 32gb 2gb Câm. Dupla Dual Whatsapp Rosa Excelente,469
iPhone SE (3ª Geração) 64gb,1.999
Smartphone Galaxy A51 128 Gb 4gb Ram Preto Garantia | Nf-e,789
Lenovo Vibe K6 4g 32gb Bom P/ Whatsapp 2 Chip Dourado,359
Samsung Galaxy J6+ 32 Gb Azul 3 Gb Ram Garantia | Nf-e,449
Celular Blackberry Z30 Sta100 16gb 2gb Ram Preto,68
Apple iPhone 12 64 Gb Preto - 1 Ano De Garantia - Excelente,2.399
Telefone Celular Moto G42 128gb 4gb Ram Seminovo Bom C/ Nfc,940
Smartphone Moto Edge 20 5g 128gb 8gb Ram Preto - Excelente,1.142
iPhone 11 64gb Preto Excelente - Trocafone - Usado,1.781
Telefone Celular Samsung A13 128 Gb 4 Gb Ram Seminovo Mt/bom,960
Samsung Galaxy J8 64gb Preto Bom,409
iPhone 7 128gb Preto Matte Bom,622
Samsung Galaxy J7 Produal 64gb Dourado 3gb Ram Garantia Nf-e,449
Samsung Galaxy A20s 32gb 3gb 6.5'' 4000mah Preto - Excelente,629
Celular LG K11 Plus 32gb 3gb Ram Excelente Nf Pronta Entrega,649
Moto G5s 4g 32gb Câm.16mp Bat.3000mah Tela 5.0'' - Excelente,399
Samsung Galaxy J5 Prime Dual 32 Gb Preto 2 Ram Garantia Nf-e,299
Celular Positivo P30 Excelente Idoso Radio Fm Simples Oferta,99
Motorola Edge+ Plus 5g 256 Gb Azul 12 Gb Ram - Excelente,2.812
iPhone X 64gb Cinza Espacial Bom - Celular Usado,1.069
Samsung Galaxy A13 128gb 4gb Ram Bateria 5000mah - Excelente,1.049
Samsung Galaxy M23 128gb Seminovo Excelente,1.099
Motorola Edge Edge 128 Gb 6 Gb Ram Garantia | Nf-e,1.304
Smartphone Moto G100 Cabo Hdmi 256gb 12gb Ram Luminous Ocean,1.699
Smartphone Android Dual 64gb Motorola Moto G8 Power Oferta,999
Celular Samsung Galaxy J1 Ace 8gb Dual - Muito Bom,340
Celular Barato Positivo Twist 3 32gb C/ Whatsapp Preto,299
Samsung Galaxy A04e 64gb 3gb Bat.5000mah Preto - Excelente,699
iPhone 6s 16gb Ouro Rosa Celular Bom,459
LG K61 128gb Bat.4000mah Câm.48mp 6.53'' Branco - Excelente,1.199
"Samsung Galaxy A04s 64gb 4gb Tela De 6,5'' Preto Excelente",878
Motorola Edge 20 128gb Preto Muito Bom - Celular Usado,1.038
Samsung Galaxy J7 Neo Dual 16 Gb Preto 2gb Ram Garantia Nf-e,386
Samsung Galaxy A03s 64gb Azul 4gb Ram Bateria 5000mah,849
Samsung Galaxy A10s Dualsim 32 Gb Preto 2 Gb Ram Sm-a107f/ds,559
 Moto E6 Plus Dual 64gb Cinza Metálico Garantia Nf-e,449
Samsung Galaxy S20 128 Gb Cloud Blue 8 Gb Ram Garantia Nf-e,1.079
Samsung Galaxy J4 32 Gb Prateado 2 Gb Ram Garantia Nf-e,449
Samsung Galaxy A01 32gb Azul Bom - Trocafone-celular Usado,345
Moto E20 32gb Bateria 4000mah Câmera Dupla Tela 6.5 Cinza,599
Motorola Moto G9 Play 64gb,749
Motorola Moto One Fusion 128gb,899
Usado: Samsung Galaxy A03s 64 Gb Preto Bom - Trocafone,513
Telefone Celular Samsung A30s 64gb 4g Ram Seminovo Excelente,782
Celular Samsung Galaxy J5 2016 16gb Dual - Muito Bom,330
 iPhone 6 64 Gb Cinza-espacial + Caixa Original Lindo,588
Celular Samsung Galaxy J5 Metal 16gb 2gb Ram Dual Chip Nf,599
 Moto Z Play Xt1635 4g 32gb Tela 5.5' 3gb Ram 16mp ,599
 iPhone 7 128 Gb Dourado Lindo 10x Sem Juros,880
Motorola Moto G32 128gb,879
Smartphone Positivo S520 8gb 1gb 5.0 ,269
Moto G9 Power 128gb 4gb Bat.6000mah 6.8 Garantia - Excelente,683
Moto G32 128gb Vermelho Motorola Garantia Nf-e | Excelente,836
"Smartphone Motorola, Moto E5, Tela 5.7, Quadcore, 16gb Cinza",390
Samsung Galaxy S10e 128 Gb Com Burn-in,749
Samsung Galaxy M20 Dual Sim 64 Gb 4 Gb Ram Garantia Nf-e,620
Smartphone Samsung Galaxy A31 128gb 4gb Ram Garantia | Nf-e,699
Samsung Galaxy S10 128gb 8gb Ram Cor Azul Garantia | Nf-e,944
Celular Motorola Moto X Play Xt1563 Dual 32gb - Muito Bom,569
Moto C Plus 4g 8gb Bat.4000mah Tv Digital Dourado Excelente,359
LG K12 Prime Dual Sim 64 Gb Aurora Black 3 Gb Ram,890
 iPhone 6 Plus 128 Gb Sem Digital Desbloqueia Com Senha,700
Moto G30 Dual Sim Vitrine 128 Gb Dark Prism 4 Gb Ram - Nfe,749
Smartphone Samsung Galaxy A02  32gb 2gb Ram Garantia | Nf-e,487
Celular LG K11 Plus 32gb 3gb Ram Excelente Nf Pronta Entrega,649
Celular Positivo P30 Dual Chip Radio Simples Excelente Idoso,99
Samsung Galaxy A01 Dual Sim 32 Gb Preto 2 Gb Ram,399
Samsung Galaxy A04e 64 Gb Preto 3 Gb Ram,699
iPhone X 64gb Prateado Bom - Celular Usado,1.058
Celular Samsung Galaxy J1 Mini J105 8gb Dual - Muito Bom,386
Moto G32 128gb Bat.5000mah Câm.50mp 6.5'' Preto - Excelente,999
Telefone Celular Samsung J6 32gb 2gb Ram Tv Digital Seminovo,549
Smartphone Samsung Galaxy A10s 32gb 2gb Ram Vermelho,559
Motorola Moto E40 64gb,699
Samsung Galaxy A50 128 Gb Preto 4 Gb Ram,899
Apple iPhone 12 Mini (256 Gb) - Verde Vitrine Garantia + Nf ,2.587
Moto G71 5g 128gb 6gb Câm.50mp Bat.5000mah Verde - Excelente,1.229
Apple iPhone 14 128 Gb Roxo - 1 Ano De Garantia - Excelente,4.490
Motorola Moto G9 Power 128 Gb Seminovo Bom,749
Samsung Galaxy J8 64gb Preto Bom - Usado,424
 Moto G7 Plus Dual Sim 64 Gb Rubi Garantia Nf-e,549
Motorola Moto E6 Plus 32gb Azul Netuno Garantia Nf-e,449
Smartphone Moto E7 Power 6.5'' 32gb 2gb Ram Azul Motorola ,519
iPhone XR 64gb Branco Muito Bom - Celular Usado,1.236
Samsung Galaxy A8 (2018) Dual Sim 64 Gb Preto 4 Gb Ram,529
Celular LG K12+ Preto 32gb Dual Sim 3gb Ram Mega Oferta- Nfe,618
"Smartphone Motorola, Moto E5, Tela 5.7, 16gb - Cinza Flash",370
Smartphone Android 8 Core Lte 4g Motorola G7 Play Dual Sim,449
Samsung Galaxy S10e 128 Gb 6 Gb Ram Branco Garantia | Nf-e,829
Positivo Quantum Muv 4g 16gb Dual Dourado Perfeito Estado,379
Samsung Galaxy S20 128 Gb Cloud Pink 8 Gb Ram Garantia | Nfe,1.199
 Moto G 5g Plus Dual 128gb Azul-oceano 6gb Ram Garantia Nf-e,728
Samsung Galaxy A71  128 Gb Preto 6 Gb Ram Garantia | Nf-e,809
Asus Zenfone 4 Max 32gb 3gb Bat.5000mah Preto Excelente,429
Motorola Moto E6 Play Dual Sim 32 Gb Cinza 2 Gb Ram,499
Samsung Galaxy Note 20 5g 256 Gb Seminovo Bom,1.999
Samsung Galaxy S9+ Dual Sim 128 Gb Preto-meia-noite 6 Gb Ram,1.199
LG K41s 32 Gb Dual Sim Seminovo Ótimo,499
Samsung Galaxy Prateado J8 Dual 64gb 4 Gb Ram Garantia Nf-e,589
Celular Samsung Galaxy S6 Flat G920 32gb - Excelente,778
Smartphone Motorola Moto G60s 128gb 6gb Ram Azul,799
iPhone 3gs Lacrado De Fabrica Item De Colecionador ,5.200
Positivo Twist Metal 32gb Dual Chip 3g 5.2 Dourado Excelente,349
Samsung Galaxy S10+ Dual 128gb Preto 8gb Ram Garantia | Nf-e,949
iPhone 13 Mini 256gb,4.199
Motorola Moto G5s Plus 32 Gb Seminovo Bom,449
Celular Blackberry Z30 Sta100 16gb 2gb Ram Preto,78
Smartphone Moto G30 Dark Prisma 128gb 4gb Ram Garantia Nf-e,683
Telefone Celular Samsung J7 Prime 32 Gb Seminovo C/ Garantia,484
Apple iPhone 14 Pro 128 Gb Preto-espacial - Excelente,6.190
Samsung Galaxy M30 4g M305 64gb 4gb Ram Dual Tela 6.4' 13 Mp,999
Samsung Galaxy S5 16 Gb Branco 2 Gb Ram Garantia | Nf-e,388
Motorola Moto G50 5g 128gb Seminovo Excelente,799
Samsung Galaxy A52s 5g 128 Gb Seminovo Ótimo,1.100
Celular LG K11 Plus 32gb 3gb Ram Excelente Nf Pronta Entrega,649
Apple iPhone XR 64 Gb Preto - 1 Ano De Garantia - Excelente,1.499
Moto G7 Play 4g 32gb 2gb Bat.3000mah 5.7'' Preto - Excelente,499
Usado: Samsung Galaxy J8 64gb Preto Bom - Trocafone,409
Celular Samsung Galaxy S6 Flat G920 32gb - Muito Bom,663
iPhone X 256gb Prateado Bom - Celular Usado,1.299
Samsung Galaxy A22 128gb Câm.48mp 5000mah Verde - Excelente,959
Samsung Galaxy S10e G970f 128gb/6gb Ram | Excelente,1.219
Celular Positivo P30 Excelente Dual Lanterna Idoso Radio Fm,128
Smartphone Galaxy S8+ 64 Gb 4 Gb Ram Cinza,772
iPhone 12 Pro Max 128gb,3.599
Samsung Galaxy Note 20 256 Gb Com Burn-in Levíssimo,1.300
Samsung Galaxy A02s 32gb Azul Bom - Trocafone- Celular Usado,429
Samsung Galaxy A73 128gb,1.499
Smartphone Samsung Galaxy S22 128gb 8gb Ram | Excelente,2.379
Motorola Moto G53 128gb,999
Smartphone Samsung Galaxy S22 128gb 8gb Ram Nf-e - Excelente,2.599
Apple iPhone SE 2020 (2a Geração) 64 Gb - Preto Super Preço ,1.099
iPhone 11 128 Gb Preto - 1 Ano De Garantia - Marcas De Uso,1.999
Motorola Moto G50 5g 128gb,1.049
Celular Alcatel 8gb Simples Dual Chip 4g Bom Para Whatsapp,299
Celular LG K22 32 Gb Vermelho Seminovo Ótimo,399
 Moto G8 Play Dual Sim 32 Gb Vermelho Magenta Garantia Nf-e,404
Motorola Xt1563 Moto X Play 4g 16gb Dual | Excelente,749
Smartphone Galaxy S20+ Tela De 6.7 128gb 8gb Ram Cinza,1.306
Celular Smartphone iPhone 6 Plus 16gb - Muito Bom,569
Samsung Galaxy S20 Fe 128gb Azul 6gb Ram - Excelente,809
Smartphone Moto E6s Tela 6.1 64gb 4gb Ram - Promoção,545
LG K11+ Plus 32gb 2 Chip Rede 4g 2800mah Preto - Excelente,449
Samsung Galaxy A52 128gb Branco Muito Bom - Trocafone- Usado,939
Samsung Galaxy A12 Preto 64gb Com Camera Quadrupla De 48mp,899
Motorola Moto G60s 4g Dual Xt2173 128gb 4gb Ram Tela De 6.4',1.417
Samsung Galaxy Z Flip 4 128gb,2.699
Telefone Celular Samsung A30s 64gb 4g Ram Seminovo Muito Bom,782
Motorola Moto G60s 128gb,899
Motorola Moto G34 128gb,879
"Smartphone Motorola E22 128gb 4g 6,5 Câmera Dupla 16mp Preto",799
Samsung Galaxy J7 Prime Dual 32gb Gold 3gb Ram Garantia | Nf,359
Moto G 5g Plus 128gb Azul Oceano Bom Celular Trocafone,840
 Moto G8 Power 64gb Todo Revisado Muito Bonito Com Garantia ,499
Celular LG G8s 128gb 6 Ram Dual - Excelente,1.643
Samsung Galaxy Note 20 Ultra 5g 256gb 12gb Ram - Excelente,2.879
Motorola Defy Robusto 64gb 4gb 5000mah Preto - Excelente,1.699
Motorola Edge 30 256gb 8gb Ram Tela 6.5 | Usado Excelente,2.199
Samsung Galaxy S21 Fe 256gb,1.599
Samsung Galaxy S9+ Plus 6gb 128gb Dual Ultravioleta Seminovo,1.049
Motorola Moto G30 128gb Dark Prism Muito Bom - Usado,672
Samsung Galaxy A31 128gb Preto Bom - Celular Usado,599
Samsung Galaxy S21 Ultra 512gb,2.609
Asus Zenfone 3 Max 4g 32gb Bat.4100mah Dourado - Excelente,359
Celular LG K11 Plus 32gb 3gb Ram Excelente Nf Pronta Entrega,649
Smartphone Samsung Galaxy S10e 128gb 6gb Ram Nfe - Excelente,1.219
Usado: iPhone XR 64gb Branco Bom - Trocafone,1.239
iPhone 11 Pro 64 Gb Cinza Espacial - Excelente,2.599
Samsung Galaxy S10+ 128 Gb Azul-prisma 8 Gb Ram Garantia Nfe,931
Celular Barato Moto G5 Plus 64gb 4gb Ram Xt1687,549
Smartphone Samsung Galaxy A33 128gb 6gb Ram - Excelente,1.679
Celular Samsung Galaxy Gran Prime G530 8gb - Muito Bom,479
Celular Samsung Galaxy A80 A805 128gb Dual - Muito Bom,1.199
Samsung Galaxy S4 Mini Duos Preto 8gb 1.5 Ram Garantia | Nfe,248
Moto E6s 32gb 2gb Câm. Dupla Dual Whatsapp Cinza - Excelente,469
Smartphone Samsung Galaxy A10s Tl 6.2 32gb 2gb Ram Vermelho,459
Motorola One Hyper 128gb Rosa Boreal Bom - Celular Usado,749
Samsung Galaxy A52 4g Quad-core 128gb 6gb Ram | Excelente,1.479
LG G8s Thinq Dual Sim 128 Gb Mirror White 6 Gb Ram Seminovo ,999
Samsung Galaxy S22 5g 256gb 8gb Ram Preto Garantia | Nf-e,1.649
Samsung Galaxy A34 5g 128gb 6gb Ram ,1.486
"Samsung Galaxy M31 M315f 128gb, 8gb Ram | Usado Bom",1.399
Motorola Moto One 64gb,699
Smartphone Moto G10 64gb 4gb Ram Cinza Escuro,725
Motorola Moto G62 128gb,1.209
Samsung Galaxy S9 128 Gb 4 Gb Ram Garantia | Nf-e,749
Samsung Galaxy J5 8 Gb Preto 1.5 Gb Ram Garantia Nf-e,350
Samsung Galaxy A31 128gb Preto Muito Bom - Celular Usado,639
iPhone 11 128gb Semi Novo Vitrine Garantia Perfeito Promoção,1.839
Motorola Moto G5 16gb Platinum Garantia Nf-e,329
Samsung Galaxy S10 Lite 128gb 6gb Ram Branco Garantia | Nf-e,881
Motorola Moto E22 32gb,569
Samsung Galaxy S20 Fe 5g 128gb Lavender 6gb Ram Garantia Nfe,1.034
Smartphone Samsung Galaxy A03s 64gb 4gb 6.5 ,849
Smartphone Moto G8 Power 64gb 4gb Ram Dual Sim Excelente Nf,1.099
Celular Samsung Galaxy A72 128gb Dual - Muito Bom,1.049
 iPhone 6 16 Gb Sem Digital Desbloqueia Com Senha ,467
Samsung Galaxy A24 128 Gb Prata 4 Gb Ram | Usado Excelente,899
Smartphone Moto E7 32gb 2gb Ram Cinza Escuro Garantia Nf-e,469
Smartphone Moto One Dual Sim 64 Gb 4 Gb Ram Preto,707
Moto E4 Plus 16gb 5000mah Dual 4g Whatsapp Preto - Excelente,399
Samsung Galaxy A01 32 Gb Preto 2 Gb Ram (recondicionado),425
Samsung Galaxy S8 64 Gb Preto 4 Gb Ram Garantia | Nf-e,699
Samsung Galaxy A5 64 Gb 2 Gb Ram Preto,599
Telefone Celular Samsung A51 128 Gb 4 Gb Seminovo Tv Digital,841
Smartphone Samsung Galaxy A01 Core 32gb 2gb Ram Garantia Nfe,349
Motorola Moto E6s 32gb Vermelho Magenta Garantia | Nf-e,429
Samsung Galaxy A03s 64 Gb Preto 4 Gb Ram,649
Lenovo Vibe K5 4g 16gb Simples Whatsapp Dourado Excelente,339
Samsung Galaxy A20s 32 Gb Preto 3 Gb Ram,589
Samsung Galaxy A73 5g 128 Gb Seminovo Bom,1.399
Motorola Moto G71 5g 128 Gb Seminovo Bom,999
Samsung Galaxy A11 Tl 6.4 64gb Preto 3gb Ram ,699
Celular LG K11 Plus 32gb 3gb Ram Excelente Nf Pronta Entrega,649
iPhone XR 64gb Preto Bom Usado,1.157
Samsung Galaxy S10+ 128 Gb Preto 8 Gb Garantia Nfe,980
Moto E6s 64gb 4gb Ram Câm. Dupla Tela 6.1 Hd+ Azul Excelente,549
Smartphone Samsung Galaxy A52 128gb 6gb Ram Nf-e - Excelente,1.479
Samsung Galaxy S22 256gb Seminovo Ótimo,1.999
Samsung Galaxy A31 128gb Preto - Tenho Minhas Marcas De Uso,708
Samsung Galaxy A10s 32gb Vermelho Bom - Ceular Usado,424
Moto G20 Dual 128gb Verde 4gb Ram Tela 6.5 Excelente,799
Samsung Galaxy M30 Dual 64 Gb 4 Gb Ram Garantia | Nf-e,710
Motorola Moto G5s 32gb Ouro Garantia Nf-e,429
Smartphone Zte Kis C341 4gb 512mb 4g,239
Motorola One Vision 128 Gb  4 Gb Ram Nf-e | Excelente,639
Samsung Galaxy A30 Dual Sim 64 Gb (recondicionado),649
Samsung Galaxy M52 5g 128 Gb Ótimo,1.299
Samsung Galaxy Note 10 256 Gb Seminovo Bom,1.499
Samsung Galaxy A71 128 Gb 6 Gb Ram Garantia | Nf-e,809
Samsung Galaxy Win Dual Sim 8 Gb 1 Gb Ram Garantia | Nf-e,198
Smartphone Galaxy A11 64gb 3gb Ram Preto,672
Motorola Moto E5 16 Gb Seminovo Bom,449
Apple iPhone 12 (128 Gb) - Azul (vitrine),2.375
Samsung Galaxy J5 Prime Dual Sim 32 Gb Preto 2 Gb Ram Rec*,399
Galaxy M51 128gb Preto Bom - Trocafone - Celular Usado,969
Motorola Moto G30 128 Gb White Lilac Seminovo Ótimo,799
Samsung Galaxy S Iii 16 Gb 1 Gb Ram Azul Garantia | Nf-e,279
 iPhone 7 32 Gb Prata Lindo Envio Imediato,700
Asus Zenfone Live 32gb Câm.13mp Dual Bom P/ Whatsapp Dourado,299
Celular Smartphone Samsung Galaxy A14 5g 64gb 4gb Ram  6.6,849
Smartphone Samsung Galaxy J4+ 32gb Duos Cobre | Usado Bom,459
LG G5 Se 32 Gb Titanium 3 Gb Ram Seminovo,399
Motorola Moto G5s 32gb 2gb Ram Platinum Garantia Nf-e,399
 Motorola Moto E22 Azul 128gb,699
Smartphone Galaxy A02s 32gb 3gb Ram Preto,652
Motorola Moto E13 Dual Sim 64 Gb Grafite 4 Gb Ram,569
Celular Motorola Moto G5 Ouro Muito Bom Smartphone Usado,269
Smartphone Moto G7 Power Dual Sim 64 Gb 4 Gb Ram Azul,579
Telefone Celular Samsung Galaxy A50 128gb Seminovo Otimo    ,799
Samsung Galaxy A20s 32 Gb Azul 3 Gb Ram,559
Samsung Galaxy J4 Core J410g 16gb 1gb Ram Cobre | Usado Bom,449
iPhone 8 64 Gb  Excelente Envio Imediato,808
Motorola Moto Xt1650 Z Power 64gb Seminovo Ótimo,499
Smartphone Samsung Galaxy A13 Dual Sim 128gb 4gb Ram Preto,1.029
Moto E7 Plus 64 Gb Bronze 4 Gb Ram | Usado Excelente,629
"Smartphone LG K8 + 16gb 4g 1gb Ram 5,45 | Usado Excelente",579
Smartphone Samsung Galaxy J6 32gb Prata Nf-e - Excelente,529
Positivo Twist 4 S514 64/1gb Ram Vermelho | Usado Excelente,349
Smartphone Nokia C30 64gb 2gb Ram Tel 6.82 | Usado Excelente,739
Samsung J500 Galaxy J5 4g 16gb/1.5gb Ram | Excelente,509
LG K11+ X410 Dual Sim 32gb 3gb Ram 4g Android Tela 5.3' 13mp,479
Samsung Galaxy S21 Plus 128gb Preto 8gb Usado,1.569
Blackberry Bold 9780 256 Mb Black 512 Mb Ram,78
Celular LG K11 Plus 32gb 3gb Ram Excelente Nf Pronta Entrega,649
Samsung Galaxy S10+ 128 Gb Branco 8 Gb Ram Garantia Nf-e,931
Smartphone Samsung Galaxy A02s 32gb 3gb Ram Nf-e - Excelente,609
Smartphone Samsung Galaxy J4 J410g 16gb 1gb Ram - Excelente,529
Motorola Moto G14 Lilás 128gb,692
Apple iPhone 12 128gb Premium Vitrine Oferta Garantia,2.520
Asus Zenfone Max Plus 32gb Excelente ,396
LG G7 Thinq Dual Sim 64 Gb Aurora Black 4 Gb Ram - Vitrine,799
Motorola Moto E13 64 Gb Verde 4 Gb Ram,599
Samsung Galaxy S6 Edge+ 32 Gb 4 Gb Ram C/ Burn-in E Mancha,429
Motorola Moto E22 Preto 128gb,699
Smartphone Motorola Moto E20 Dual Sim 32gb Azul 2gb Ram,650
Motorola Edge 30 Fusion Sim 256 Gb Magenta,1.967
iPhone 11 128gb Vitrine-novo Excelente 10x Sem Juros - Vip,2.149
"Smartphone K62 6,59'' 64gb 4gb Ram 13mp Vermelho LG",780
iPhone 12 Pro 128gb Na Caixa,2.999
Samsung Galaxy J5 Prime Dual Sim 32 Gb 2 Gb Ram Vitrine,399
Samsung Galaxy M13 128gb 5gb Verde,1.415
Smartphone Samsung Galaxy A04s 64gb 4gb Dual Sim Preto,879
Motorola Moto Edge 30 Neo 256gb Roxo,1.786
Motorola One Hyper Dual Sim 128 Gb Fresh Orchid 4 Gb Ram,949
Samsung Galaxy Note10 Lite Preto 128gb 6gb Ram,1.399
Smartphone Samsung Galaxy A05 Dual Sim 128 Gb Preto 4 Gb Ram,879
 Motorola Moto E22 Branco 32gb,639
LG G6 Dual Sim 64gb Preto 4 Gb Ram,500
Smartphone Motorola Moto G22 128 Gb Preto Cósmico 4 Gb Ram.,750
"iPhone 11 128gb - Semi Novo De Vitrine, Garantia, Perfeito!",1.890
"Smartphone Edge 30 Tela 6,5'' 256gb Grafite Motorola",1.713
 iPhone 6 32 Gb Prateado - Conjunto Completo,492
Smartphone Samsung Galaxy J4 16gb 4g Dual Sim Preto,469
Tcl 10 Se Dual Sim 128 Gb Polar Night 4 Gb Ram,749
 Moto E6i Dual Sim 32 Gb Pink 2 Gb Ram Original Nf,448
Sony M5,249
Smartphone Realme C11 32gb 2gb Azul Na Caixa Lacrado Com Nf.,570
Smartphone Poco M3 4gb/128gb Dual Sim - Aml037,799
Celular LG G6+ Gold 64gb 4gb Ram Seminovo,499
 Moto G73 5g 128 Gb Azul 8 Gb Ram,1.049
Motorola Moto G54 5g Azul Indigo 256gb,1.079
Smartphone Motorola Moto E6s Cinza 32gb 2ram Dual Chip,435
Celular Promoção Moto E40 64gb 4gb Dual Sim ,499
Smartphone LG K22 Azul 32gb 2ram Dual Chip ,545
Motorola Moto G24 128gb Grafite 4gb Ram,749
iPhone 8 Plus 64gb Cinza Espacial Bom - Celular Usado,870
Samsung Galaxy M62 128gb (recondicionado),1.399
"Smartphone LG K8 Plus 16gb 4g Quad-core - 1gb Ram 5,45 Preto",329
Samsung Galaxy S8 64 Gb Seminovo Bom,799
 iPhone 6s 32 Gb Cinza-espacial Envio Imediato,567
Celular LG K10 K430 16gb 1 Ram - Excelente,599
Motorola Moto G5s 32gb Excelente Snapdragon 4g Lte Promoção,449
Smartphone Galaxy S20 Fe Dual Sim 128 Gb 6 Gb Ram Azul,979
Celular Moto E7 32gb Dual Sim Excelente Pronta Entrega,869
